pagina,details,url
1,"FSE 5229,SE ARRIENDA, APARTAMENTO UBICADO EN TORRES DE MARILUZ ETAPA DOS, PARA GRUPO FAMILIAR SIN MASCOTAS,CONSTA DE: ALCOBA PRINCIPAL CON BAÑO PRIVADO, DOS ALCOBAS SENCILLAS, SALA COMEDOR, COCINA SEMI INTEGRAL, ZONA DE LAVANDERIA, BAÑO SOCIAL, PARQUEADERO PRIVADO DESCUBIERTO Y DEPOSITO ,VALOR DE ARRENDAMIENTO $800.000,DEPOSITO $500.000, SUJETO A PRE REQUISITOS,INTERESADOS LLAMAR AL 3183645759 DE 8:00AM A 10:00AM",https://amorelpasto.com/clasificados/web/app.php/categorias/SE%20ARRIENDA%20APARTAMENTO%20UBICADO%20EN%20TORRES%20DE%20MARILUZ%20ETAPA%20DOS%20/publicacion/124469
1,"FSE 5233,SE ARRIENDA APARTAMENTO EN CONJUNTO CERRADO URBANIZACION NORMANDIA,CONSTA DE: SALA, COCINA, COMEDOR, 2 ALCOBAS, PATIO DE ROPAS ,INF. 3013900831",https://amorelpasto.com/clasificados/web/app.php/categorias/SE%20ARRIENDA%20APARTAMENTO%20EN%20CONJUNTO%20CERRADO%20URBANIZACION%20NORMANDIA/publicacion/124474
1,"FSE 5231,ARRIENDO,APARTAESTUDIOS AMOBLADOS EN NOVACENTRO,Y APARTAESTUDIOS SIN AMOBLAR EN EL CENTRO 15 CON 26,INF. 3006769501",https://amorelpasto.com/clasificados/web/app.php/categorias/ARRIENDO%20APARTAESTUDIOS%20EN%20NOVACENTRO%20Y%20EN%20EL%20CENTRO/publicacion/124471
1,"FSE 5236,SE ARRIENDA APARTAMENTO CAPUSIGRA,CONSTA DE: 3 ALCOBAS, SALA COMEDOR, COCINA, BAÑO, PATIO, HALL ,INF. 3173333142",https://amorelpasto.com/clasificados/web/app.php/categorias/SE%20ARRIENDA%20APARTAMENTO%20CAPUSIGRA/publicacion/124477
1,,https://amorelpasto.com/clasificados/web/app.php/categorias/ALQUILER%20ARRIENDO%20APARTAESTUDIO%20CENTRO%20PASTO%20/publicacion/124505
1,,https://amorelpasto.com/clasificados/web/app.php/categorias/SE%20ARRENDA%20APARTAMENTO%20EN%20BARRIO%20EL%20DORADO%20CERCA%20AL%20CAI/publicacion/124507
1,"FSE 5258,SE ARRIENDA APARTAMENTO UBICADO EN EL BARRIO JAVERIANO, PRIMER PISO,CONSTA DE: GARAJE O SALA, COMEDOR, COCINA, 3 ALCOBAS, PATIO DE ROPAS, 2 BAÑOS ,INF. 3182734931",https://amorelpasto.com/clasificados/web/app.php/categorias/SE%20ARRIENDA%20APARTAMENTO%20UBICADO%20EN%20EL%20BARRIO%20JAVERIANO/publicacion/124502
1,"FSE 5182, CONSTA DE: SALA COMEDOR, COCINA INTEGRAL, 3
HABITACIONES, 2 BAÑOS, ZONA DE LAVADO, PARQUEADERO,EDIFICIO CON ASCENSOR,INFO: 3216435819 – 3015005510",https://amorelpasto.com/clasificados/web/app.php/categorias/SE%20ARRIENDA%20APARTAMENTO%20A%20DOS%20CUADRAS%20DEL%20PARQUE%20SANTIAGO/publicacion/124422
2,"FSE 5090,SE ARRIENDA APARTAMENTO, CONSTA DE: 3 ALCOBAS, SALA - COMEDOR, COCINA, CUARTO DE EMPLEADA CON BAÑO, 2 BAÑOS,BARRIO LAS AMERICAS - PISO 3,INF. 3127765141 DE 8 A 12:30 Y 2PM A 6PM",https://amorelpasto.com/clasificados/web/app.php/categorias/SE%20ARRIENDA%20APARTAMENTO%20BARRIO%20LAS%20AMERICAS/publicacion/124321
3,"FSE 4958,SE ARRIENDA APARTAMENTO, CONSTA DE: 2 PIEZAS, SALA, COMEDOR, ZONA DE ROPA INTERNA Y TERRAZA ,INF. 3117468226",https://amorelpasto.com/clasificados/web/app.php/categorias/SE%20ARRIENDA%20APARTAMENTO%20DE%202%20PIEZAS/publicacion/124168
4,"FSE 4778-1,SE ARRIENDA,APARTAMENTO EN LA QUINTA ,CONSTA DE: 2 HABITACIONES, ESTUDIO, SALA COMEDOR, ZONA DE LAVANDERIA, BAÑO ,VALOR $750.000,APARTAMENTO EN BACHUE,CONSTA DE: 3 HABITACIONES, SALA COMEDOR, COCINA, ZONA DE LAVANDERIA, BAÑO, BAÑOS SOCIAL ,VALOR $850.000,INF. 3152463427 ",https://amorelpasto.com/clasificados/web/app.php/categorias/SE%20ARRIENDA%20APARTAMENTOS%20/publicacion/124058
5,"FSE 4615,SE ARRIENDA HERMOSO APARTAMENTO ""A ESTRENAR""  BOSQUES DE LA COLINA 3,APARTAMENTO DE 63MTS2, TOTALMENTE TERMINADO ,CONSTA DE: 3 HABITACIONES CON CLOSET, LA HABITACION PRINCIPAL CON BAÑO PRIVADO, 2 BAÑOS, ZONA DE LAVANDERIA, CALENTADOR DE AGUA Y COCINA INTEGRAL ,TERRAZA PARA SECADO DE ROPA ,VALOR ARRIENDO $940.000 INCLUIDA ADMINISTRACION ,INF. 3144881568 - 3107040707",https://amorelpasto.com/clasificados/web/app.php/categorias/SE%20ARRIENDA%20HERMOSO%20APARTAMENTO%20%22A%20ESTRENAR%22%20%20BOSQUES%20DE%20LA%20COLINA%203/publicacion/123917
6,"FSE 4312,TENEMOS EN ARRENDO COMODOS APARTAESTUDIOS PARA ESTRENAR ,PARA PERSONAS SOLAS QUE ESTUDIEN O TRABAJEN ,INCLUIDOS TODOS LOS SERVICIOS, AGUA CALIENTE, LUZ, INTERNET, SEÑAL TV,PARQUEADERO PARA MOTOS ,EN EL BARRIO EL RECUERDO DIAGONAL A LA REGISTRADURIA, CERCA AL PARQUE BOLIVAR,INF CELULAR Y WHATSAPP 3113090728",https://amorelpasto.com/clasificados/web/app.php/categorias/TENEMOS%20EN%20ARRENDO%20COMODOS%20APARTAESTUDIOS/publicacion/123586
6,"FSE 4368,SE ARRIENDA APARTAMENTO EN CONJUNTO RESIDENCIAL SOTAVENTO ,TORRE 2 APTO 1001,CONSTA DE: SALA COMEDOR, COCINA INTEGRAL, ESTUDIO, DOS ALCOBAS, 1 CON BAÑO PRIVADO, BAÑO SOCIAL, PARQUEADERO COMUNITARIO ,INFORMES CEL. 3137165074",https://amorelpasto.com/clasificados/web/app.php/categorias/SE%20ARRIENDA%20APARTAMENTO%20EN%20CONJUNTO%20RESIDENCIAL%20SOTAVENTO%20/publicacion/123651
6,"FSE 4461,SE ARRIENDA APARTAMENTO PEQUEÑO, CONSTA DE: 2 PIEZAS, COCINA, BAÑO Y ZONA DE LAVANDERIA, UBICACION: BARRIO PANORAMICO 2 ETAPA ,CONTACTOS 3164088024",https://amorelpasto.com/clasificados/web/app.php/categorias/SE%20ARRIENDA%20APARTAMENTO%20PEQUE%C3%91O%20BARRIO%20PANORAMICO/publicacion/123752
6,,https://amorelpasto.com/clasificados/web/app.php/categorias/VIVE%20EN%20EL%20CORAZON%20DE%20PASTO%20ARRIENDA%20TU%20APARTAMENTO%20EN%20EL%20EXCLUSIVO%20CONDOMINIO%20MIRADOR%20DE%20AQUINE/publicacion/123735
6,"FSE 4431,SE ARRIENDA APARTAESTUDIO, UBICADO EN LA CALLE 19 #21-74,CENTRO FRENTE A LA FISCALIA ,INF. 3206402317",https://amorelpasto.com/clasificados/web/app.php/categorias/SE%20ARRIENDA%20APARTAESTUDIO%20CENTRO%20/publicacion/123721
6,,https://amorelpasto.com/clasificados/web/app.php/categorias/SE%20ARRENDA%20APARTAMENTO%20UBICACION%20BARRIO%20EZEQUIEL%20MORENO%20DIAZ%20CALLE%20PRINCIPAL/publicacion/123766
6,"FSE 4509,BARRIO CAICEDONIA (SUR ORIENTAL),SE ARRIENDA APARTAMENTO 2° PISO ,CONSTA DE: SALA - COMEDOR, 2 ALCOBAS, 1 BAÑO, PATIO - COCINA, SERVICIOS PUBLICOS INDEPENDIENTES ,PISOS CERAMICA ,NO SE ADMITEN MASCOTAS ,REQUISITOS: CARTA CONSTANCIA LABORAL - DESPRENDIBLE DE PAGO NOMINA 3 ULTIMOS MESES, CARTAS RECOMENDACION ,VALOR $620.000,CITA PREVIA 3173060109 WHATSAPP  ",https://amorelpasto.com/clasificados/web/app.php/categorias/SE%20ARRIENDA%20APARTAMENTO%20BARRIO%20CAICEDONIA%20/publicacion/123803
6,"FSE 4506,SE ARRIENDA APARTAESTUDIO BARRIO LA CUADRAS ,PARA UNA PERSONA ,CONSTA DE: SITIO DE DORMITORIO, BAÑO, COCINA (SEMI INTEGRAL), ENTRADA INDEPENDIENTE ,CUARTO PISO ,UBICADO BARRIO LAS CUADRAS ,CRA 31 CON CALLE 20 ESQUINA ,INF. 3162512735",https://amorelpasto.com/clasificados/web/app.php/categorias/SE%20ARRIENDA%20APARTAESTUDIO%20BARRIO%20LA%20CUADRAS%20/publicacion/123800
6,"FSE 4495,SE ARRIENDA APARTAMENTO PISO 4 CONDOMINIO AGUALONGO II, BLOQUES VERDES,CONSTA DE: SALA - COMEDOR, COCINA SEMI INTEGRAL CON ALACENAS, ZONA DE LAVANDERIA, 3 HABITACIONES CON CLOSET, 1 BAÑO, PARQUEADERO EN ZONA COMUN,VALOR $680.000,ADMINISTRACION $100.000,INFORMES 3152607808 - 3162808855",https://amorelpasto.com/clasificados/web/app.php/categorias/SE%20ARRIENDA%20APARTAMENTO%20CONDOMINIO%20AGUALONGO%20II/publicacion/123788
6,,https://amorelpasto.com/clasificados/web/app.php/categorias/SE%20ARRIENDA%202%20APARTAESTUDIOS%20EN%20LA%20MANZANA%2039%20CASA%2024%20BARRIO%20TAMASAGRA%20/publicacion/123781
6,"FSE 4486,ARRIENDO APARTAMENTO PEQUEÑO, BARRIO LORENZO DE ALDANA,INF. 3116565381",https://amorelpasto.com/clasificados/web/app.php/categorias/ARRIENDO%20APARTAMENTO%20BARRIO%20LORENZO%20DE%20ALDANA/publicacion/123778
6,,https://amorelpasto.com/clasificados/web/app.php/categorias/ARRIENDO%20APARTAESTUDIOS%20LA%20CASTILLA%20AVENIDA%20/publicacion/123812
6,"FSE 4514,SE ARRIENDA APARTAMENTO, EN TORRES DE SAN LUIS ,INF. 3128616926",https://amorelpasto.com/clasificados/web/app.php/categorias/SE%20ARRIENDA%20APARTAMENTO%20EN%20TORRES%20DE%20SAN%20LUIS%20/publicacion/123808
6,"FSE 4519,ARRIENDO PARA DAMA APARTAESTUDIO CON PATIO,SECTOR LAS CUADRAS (POR NOVACENTRO),PRIMER PISO, COCINA INTEGRAL, REMODELADO,VALOR $650.000 MAS SERVICIOS DE AGUA Y ENERGIA ,CONTRATO A UN AÑO ,INFORMES 3117698305",https://amorelpasto.com/clasificados/web/app.php/categorias/ARRIENDO%20PARA%20DAMA%20APARTAESTUDIO%20SECTOR%20LAS%20CUADRAS%20/publicacion/123813
6,"FSE 4513,ARRIENDO APARTAMENTO BARRIO CHAPAL ,CONSTA DE: 4 HABITACIONES CON CLOSET, HABITACION PRINCIPAL CON BAÑO PRIVADO, SALA COCINA COMEDOR,SERVICIOS INDEPENDIENTES ,TERRAZA INDEPENDIENTE,SEGUNDO PISO ,CRA 5TA #12-85,INF. 3154748982 ",https://amorelpasto.com/clasificados/web/app.php/categorias/ARRIENDO%20APARTAMENTO%20BARRIO%20CHAPAL%20/publicacion/123807
6,"FSE 4557,ARRIENDO HERMOSO APARTAMENTO CONJUNTO RESIDENCIAL TORRES GIRASOL CON PARQUEADERO ,CONSTA DE: 2 ALCOBAS, 1 BAÑO, SALA COMEDOR, COCINA INTEGRAL MESON EN GRANITO, ZONA DE LAVANDERIA,CUENTA CON CANCHA SINTETICA, JUEGOS INFANTILES, ASCENSOR, PLANTA ELECTRICA, HIDROFLOW, GAS ESTACIONARIO, VIGILANCIA 24/7, CIRCUITO CERRADO DE CAMARAS DE VIGILANCIA. ,VALOR $800.000 MAS ADMINISTRACION ,INF. 3117158857,SOLO WHATSAPP 3178900990",https://amorelpasto.com/clasificados/web/app.php/categorias/ARRIENDO%20HERMOSO%20APARTAMENTO%20CONJUNTO%20RESIDENCIAL%20TORRES%20GIRASOL/publicacion/123854
6,"FSE 4561,SE ARRIENDA APARTAESTUDIOS, CONSTAN DE: BAÑO PRIVADO, COCINA, CLOSET, ZONA DE LAVANDERIA, WIFI,A DOS CUADRAS DE LA UNIVERSIDAD CESMAG ,INF. 3156813292 - 3007779877",https://amorelpasto.com/clasificados/web/app.php/categorias/SE%20ARRIENDA%20APARTAESTUDIOS%20A%20DOS%20CUADRAS%20DE%20LA%20UNIVERSIDAD%20CESMAG%20/publicacion/123860
5,"FSE 4595-1,ARRIENDO APARTAMENTO PEQUEÑO UBICADO EN CATAMBUCO,PARA ESTUDIANTES O PAREJA ,CONSTA DE: COCINA-COMEDOR, 1 ALCOBA, 1 BAÑO, ZONA DE LAVANDERIA Y EN LA PARTE EXTERNA CUPO EN PARQUEADERO COMUN ,INF. 3155306710",https://amorelpasto.com/clasificados/web/app.php/categorias/ARRIENDO%20APARTAMENTO%20PEQUE%C3%91O%20UBICADO%20EN%20CATAMBUCO/publicacion/123896
5,"FSE 4600,ARRIENDO APARTAMENTO UBICADO EN EL CONJUNTO PRADO VERDE, MÁS
ARRIBA DEL HOSPITAL SAN PEDRO,CONSTA DE: 3 HABITACIONES, LA PRINCIPAL CON BAÑO
PRIVADO, UN BAÑO AUXILIAR CON DUCHA, COCINA, SALA COMEDOR, ÁREA DE ROPA, UNA
BODEGA Y UN AMPLIO PARQUEADERO CUBIERTO, CON VISTA A LA CIUDAD,COMUNICARSE A
LOS TEL. 3006191706 - 3104470815",https://amorelpasto.com/clasificados/web/app.php/categorias/ARRIENDO%20APARTAMENTO%20UBICADO%20EN%20EL%20CONJUNTO%20PRADO%20VERDE/publicacion/123901
5,"FSE 4653-1,CONSTA DE: 3 HABITACIONES ILUMINADAS CON CLOSET, ALCOBA PRINCIPAL CON BAÑO PRIVADO, SALA - COMEDOR, COCINA INTEGRAL, BAÑO AUXILIAR, ZONA DE LAVADO, DEPOSITO, PARQUEADERO COMUN,VALOR $800.000 INCLUIDA ADMINISTRACION ,ESPECTACULAR VISTA A LA CIUDAD, BUENA ILUMINACION, A SIETE MINUTOS DEL CENTRO, CERCANO A DROGUERIAS, SUPERMERCADOS Y MAS ,INF. 3174302270 - 3007268380,INFO VIA WHATSAPP ENVIAMOS VIDEO Y FOTOS LLAMENOS",https://amorelpasto.com/clasificados/web/app.php/categorias/ARRIENDO%20LINDO%20APARTAMENTO%20UBICADO%20EN%20BALCONES%20DE%20LA%20CAROLINA%20/publicacion/123957
5,"FSE 4638,SE ARRIENDA APARTAMENTO, CONSTA DE: 2 HABITACIONES, 1 SALA - COMEDOR, 1 COCINA, 1 BAÑO,UBICACION BARRIO SENDOYA ,MAYOR INFORMACION 3177085775 - 3122946507",https://amorelpasto.com/clasificados/web/app.php/categorias/SE%20ARRIENDA%20APARTAMENTO%20BARRIO%20SENDOYA%20/publicacion/123941
5,"FSE 4618,SE ARRIENDA APARTAMENTO AMPLIO, TERCER PISO, EN EL BARRIO EL BOSQUE ,CONSTA DE: SALA - COMEDOR, COCINA, LAVANDERIA, 3 ALCOBAS LA PRINCIPAL CON UN BAÑO PRIVADO, BAÑO AUXILIAR, GAS DOMICILIARIO Y ESTACIONAMIENTO ,INF. 3007852399 - 3138032503",https://amorelpasto.com/clasificados/web/app.php/categorias/SE%20ARRIENDA%20APARTAMENTO%20AMPLIO%20EN%20EL%20BARRIO%20EL%20BOSQUE%20/publicacion/123921
5,"FSE 4633,SE ARRIENDA APARTAMENTO EN EL 3ER PISO,CONSTA DE: 3 HABITACIONES, 2 CON CLOSET, SALA COMEDOR, COCINA INTEGRAL, PATIO DE ROPA Y 2 BAÑOS, SERVICIOS INDEPENDIENTES,UBICADO EN LA CARRERA 15 #18-21 BARRIO FATIMA BAJANDO EL TIGRE DE LA REBAJA DEL CHAMPAGNAT,LLAMAR AL NUMERO 3017898775",https://amorelpasto.com/clasificados/web/app.php/categorias/SE%20ARRIENDA%20APARTAMENTO%20EN%20EL%203ER%20PISO%20BARRIO%20FATIMA%20/publicacion/123936
5,"FSE 4642,SE ARRIENDA,UN APARTAMENTO, CONSTA DE: TRES HABITACIONES, SALA, COCINA, BAÑO Y LAVADO DE ROPA ,EN LA CALLE 19 18-10,APARTAESTUDIO, CONSTA DE: HABITACION, SALA, COCINA, BAÑO Y LAVADO DE ROPA ,UBICADO EN LA CALLE 19 18-10,PARA MAS INFORMACION LLAMAR CEL. 3108436470",https://amorelpasto.com/clasificados/web/app.php/categorias/SE%20ARRIENDA%20UN%20APARTAMENTO%20Y%20APARTAESTUDIO/publicacion/123945
5,"FSE 4131,ARRIENDO AMPLIO APARTAMENTO, CONSTA DE: TRES (3) PIEZAS CON CLOSET, SALA - COMEDOR, COCINA SEMI INTEGRAL, ZONA DE LAVANDERIA, GARAJE,SE UBICA EN VILLA RECREO I,PRIMER PISO ,INF. 3007873954 SOLO WHATSAPP ",https://amorelpasto.com/clasificados/web/app.php/categorias/ARRIENDO%20AMPLIO%20APARTAMENTO%20EN%20VILLA%20RECREO%20I/publicacion/123989
5,"FSE 4678,ARRIENDO APARTAESTUDIO,CONSTA DE: DOS (2) PIEZAS CON CLOSET, COCINA SEMI INTEGRAL, BAÑO - AGUA CALIENTE, ZONA DE LAVANDERIA, POSIBILIDAD USO DE LAVADORA, TV - INTERNET,SE UBICA EN VILLA RECREO I,EN TERCER PISO ,NO MASCOTAS ,INF. 3007873954 SOLO WHATSAPP",https://amorelpasto.com/clasificados/web/app.php/categorias/ARRIENDO%20APARTAESTUDIO%20EN%20VILLA%20RECREO%20I/publicacion/123988
5,,https://amorelpasto.com/clasificados/web/app.php/categorias/ARRIENDO%20DOS%20APARTAMENTOS%20EN%20EL%20BARRIO%20VILLA%20RECREO%20/publicacion/123966
5,"FSE 4675,SE ARRENDA APARTAMENTO EN LA CALLE 19 NO 21B-17 CENTRO - EDIFICIO
ESPAÑA,CUENTA CON: 2 HABITACIONES, 1 BAÑO, SALA, COMEDOR, PATIO DE ROPAS,
BALCÓN,82 M2 APROX.,PRECIO: $950.000,INF. 3154574684 ",https://amorelpasto.com/clasificados/web/app.php/categorias/SE%20ARRENDA%20APARTAMENTO%20%20CENTRO%20-%20EDIFICIO%20ESPA%C3%91A/publicacion/123984
5,"FSE 4663-1,SE ARRIENDA APARTAMENTO BARRIO SANTA BARBARA ,EN TERCER PISO ,CONSTA DE: COCINA, SALA COMEDOR, 3 ALCOBAS, BAÑO, TERRAZA PEQUEÑA CUBIERTA Y PARQUEADERO PARA MOTO ,VALOR $800.000,INF. 3206238691",https://amorelpasto.com/clasificados/web/app.php/categorias/SE%20ARRIENDA%20APARTAMENTO%20BARRIO%20SANTA%20BARBARA%20/publicacion/123969
5,"FSE 4721,SE ARRIENDA APARTAESTUDIO, SECTOR SAN IGNACIO, SOBRE VÍA PRINCIPAL A UNICENTRO.,CONSTA DE: SALA, COCINA INTEGRAL CON MESA, ALCOBA INDEPENDIENTE CON CLOSET, BAÑO, ZONA DE LAVANDERÍA.,INCLUYE PERSIANAS Y CORTINA VENTANA ALCOBA,EL PRECIO INCLUYE SERVICIO Y DE AGUA Y VIGILANCIA,INF. 3005470866,HORARIO DE 9 A.M A 7 P.M",https://amorelpasto.com/clasificados/web/app.php/categorias/SE%20ARRIENDA%20APARTAESTUDIO%20SECTOR%20SAN%20IGNACIO/publicacion/124038
5,"FSE 4714,SE ARRIENDA APARTAMENTO EN EL BARRIO CENTENARIO,CONSTA DE: UNA HABITACION, SALA, COMEDOR, COCINA, BAÑO Y PATIO DE ROPA ,SERVICIO DE ENERGIA INDEPENDIENTE ,CANON DE ARRENDAMIENTO $500.000,INF. 3146392829 - 3147302308",https://amorelpasto.com/clasificados/web/app.php/categorias/SE%20ARRIENDA%20APARTAMENTO%20EN%20EL%20BARRIO%20CENTENARIO/publicacion/124029
5,"FSE 4773,SE ARRIENDA AMPLIO Y LUMINOSO APARTAMENTO,CONSTA DE: 3 ALCOBAS, SALA COMEDOR, COCINA, PATIO DE ROPAS, GARAJE, DOS BAÑOS,AMPLIAS ZONAS VERDES, LINDOS JARDINES, AMBIENTE TRANQUILO,SECTOR TOROBAJO ,SECTOR TOROBAJO, CERCA UNIVERSIDAD DE NARIÑO,INF. 3174050871 - 3014208673  ",https://amorelpasto.com/clasificados/web/app.php/categorias/SE%20ARRIENDA%20AMPLIO%20Y%20LUMINOSO%20APARTAMENTO%20SECTOR%20TOROBAJO%20/publicacion/124052
5,"FSE 4772-1,ARRIENDO AMPLIO APARTAMENTO, CONSTA DE: 3 ALCOBAS, DOS BAÑOS, SALA COMEDOR, COCINA, (NO) ESTUDIO, PATIO DE ROPAS, CERCA , MARIANA, SAN MARTIN, SECTOR PALERMO,NO TIENE PARQUEADERO ,INF. 3014208673 - 3174050871",https://amorelpasto.com/clasificados/web/app.php/categorias/ARRIENDO%20AMPLIO%20APARTAMENTO%20SECTOR%20PALERMO/publicacion/124051
5,"FSE 4766,APARTAMENTO EN ARRIENDO EN BALCONES DE LA CAROLINA,CONSTA DE: 2 HABITACIONES, PATIO DE ROPAS, PARQUEADERO COMUNAL ,VALOR $600.000 MAS ADMINISTRACION ,INF. 3162505401 CELULAR Y WHATSAPP ",https://amorelpasto.com/clasificados/web/app.php/categorias/APARTAMENTO%20EN%20ARRIENDO%20EN%20BALCONES%20DE%20LA%20CAROLINA/publicacion/124044
5,"FSE 4772,ARRIENDO APARTAMENTO,CONSTA DE: DOS ALCOBAS, AMPLIA TERRAZA, SALA COMEDOR, COCINA, PATIO DE ROPAS, BAÑO,A DOS CUADRA DE PLAZA DE NARIÑO,NO TIENE PARQUEADERO ,INF. 3014208673 - 3174050871",https://amorelpasto.com/clasificados/web/app.php/categorias/ARRIENDO%20APARTAMENTO%20A%20DOS%20CUADRA%20DE%20PLAZA%20DE%20NARI%C3%91O/publicacion/124050
5,"FSE 4767,SE ARRIENDA APARTAMENTO EDIFICIO PLAZA REAL, DOS PUENTES,CONSTA DE: 2 HABITACIONES, SALA COMEDOR, COCINA, UN BAÑO, TERRAZA,INF. 3212575462",https://amorelpasto.com/clasificados/web/app.php/categorias/SE%20ARRIENDA%20APARTAMENTO%20EDIFICIO%20PLAZA%20REAL%20/publicacion/124045
4,,https://amorelpasto.com/clasificados/web/app.php/categorias/SE%20ARRIENDA%20HERMOSO%20APARTAMENTO%20EN%20TORRE%20MAYA/publicacion/124081
4,,https://amorelpasto.com/clasificados/web/app.php/categorias/SE%20ARRRIENDA%20APARTAESTUDIO%20SECTOR%20PALERMO/publicacion/124069
4,,https://amorelpasto.com/clasificados/web/app.php/categorias/SE%20ARRIENDA%20APARTAMENTO%20AIRE%20LIBRE/publicacion/124063
4,,https://amorelpasto.com/clasificados/web/app.php/categorias/SE%20ARRIENDA%20APARTAMENTO%20EDIFICIO%20NAPOLI/publicacion/124064
4,,https://amorelpasto.com/clasificados/web/app.php/categorias/SE%20ARRIENDA%20APARTAESTUDIO%20BARRIO%20COLPATRIA/publicacion/124062
4,,https://amorelpasto.com/clasificados/web/app.php/categorias/SE%20ARRIENDA%20LINDO%20%20APARTAMENTO%20BARRIO%20TAMASAGRA/publicacion/124080
4,,https://amorelpasto.com/clasificados/web/app.php/categorias/SE%20ARRIENDA%20APARTAMENTO%20CENTRAL/publicacion/124071
4,"FSE 4812,SE ARRIENDA APARTAMENTO CON LOCAL COMERCIAL, CONSTA DE: 3 ALCOBAS, SALA, COMEDOR, ZONA DE LAVANDERIA Y DOS BAÑOS,UBICADO EN EL BARRIO JULIAN BUCHELI,INF. 3156813292 - 3007779877",https://amorelpasto.com/clasificados/web/app.php/categorias/SE%20ARRIENDA%20APARTAMENTO%20CON%20LOCAL%20COMERCIAL%20BARRIO%20JULIAN%20BUCHELI/publicacion/124096
4,,https://amorelpasto.com/clasificados/web/app.php/categorias/ARRIENDO%20APARTAMENTO%20PRIMER%20PISO%20BARRIO%20LA%20ESPERANZA%20/publicacion/124090
4,"FSE 4957,SE ARRIENDA APARTAMENTO EN PUCALPA 2,CONSTA DE: 3 HABITACIONES, BAÑO, SALA - COMEDOR, COCINA, ZONA DE LAVANDERIA Y CUARTO DE SERVICIO CON BAÑO ,5° PISO ,PRECIO $950.000 INCLUIDA LA ADMINISTRACION ,INF. 3022248924",https://amorelpasto.com/clasificados/web/app.php/categorias/SE%20ARRIENDA%20APARTAMENTO%20EN%20PUCALPA%202/publicacion/124167
4,"FSE 4960,ARRIENDO AMPLIO APARTAMENTO CONJUNTO CERRADO ATAHUALPA,CONSTA DE: 3 HABITACIONES, 2 BAÑOS, COCINA AMPLIA INTEGRAL, SALA, COMEDOR, ESTUDIO, VIGILANCIA, PORTERIA, TERRAZA ,102MTS2,GAS ESTACIONARIO,LUZ LED,GARAJE CUBIERTO ,INF. 3176948815 - 3005716270",https://amorelpasto.com/clasificados/web/app.php/categorias/ARRIENDO%20AMPLIO%20APARTAMENTO%20CONJUNTO%20CERRADO%20ATAHUALPA/publicacion/124172
4,"BAÑO, ZONA DE
LAVANDERÍA",https://amorelpasto.com/clasificados/web/app.php/categorias/SE%20ARRIENDA%20APARTAMENTO%20EN%20TORRES%20DE%20IGUAZ%C3%9A%20BLOQUES%20VERDES/publicacion/124150
4,,https://amorelpasto.com/clasificados/web/app.php/categorias/ARRIENDO%20APARTAESTUDIO%20BARRIO%20MARIDIAZ/publicacion/124136
4,,https://amorelpasto.com/clasificados/web/app.php/categorias/SE%20ARRIENDA%20APARTAESTUDIO%20PARA%20PERSONA%20SOLA%20BARRIO%20SAN%20JUAN%20BOSCO/publicacion/124122
4,"UN BAÑO, SALA COMEDOR, COCINA INTEGRAL, SECADO DE ROPA",https://amorelpasto.com/clasificados/web/app.php/categorias/SE%20ARRIENDA%20APARTAMENTO%20EN%20CONJUNTO%20RESIDENCIAL%20MIJITAYO/publicacion/124156
4,,https://amorelpasto.com/clasificados/web/app.php/categorias/ARRIENDO%20APARTAMENTO%20EN%20EL%20BARRIO%20EL%20EJIDO/publicacion/124153
4,"FSE 4955,SE ARRIENDA APARTAMENTO, CONSTA DE: 2 HABITACIONES, COCINA INTEGRAL, ZONA DE LAVANDERIA,CARRERA 27 #15-14 CENTRO ,VALOR $800.000,INF. 3166202520",https://amorelpasto.com/clasificados/web/app.php/categorias/SE%20ARRIENDA%20APARTAMENTO%20CENTRO%20/publicacion/124165
4,,https://amorelpasto.com/clasificados/web/app.php/categorias/ARRIENDO%20APARTAMENTO%20VILLAS%20DE%20SAN%20RAFAEL%20/publicacion/124103
4,,https://amorelpasto.com/clasificados/web/app.php/categorias/SE%20ARRIENDA%20APARTAMENTO%20LORENZO%20FRENTE%20A%20LOS%20BOMBEROS/publicacion/124149
3,"FSE 5001,SE ARRIENDA APARTAESTUDIO BARRIO RINCON DEL PARAISO,CALLE 24 No 15-2 CASA 27,PARA SEÑORITA QUE ESTUDIE O TRABAJE ,INF. 3128715647 - 3147682348",https://amorelpasto.com/clasificados/web/app.php/categorias/SE%20ARRIENDA%20APARTAESTUDIO%20BARRIO%20RINCON%20DEL%20PARAISO/publicacion/124219
3,"FSE 4994,ARRIENDO APARTAESTUDIO ,CON PARQUEADERO, EDIFICIO VICTORIA 5TO PISO, CLL 19A #31B-27 BARRIO LAS CUADRAS ,VALOR $850.000,INF. 3122111662 - 3155277998",https://amorelpasto.com/clasificados/web/app.php/categorias/ARRIENDO%20APARTAESTUDIO%20BARRIO%20LAS%20CUADRAS%20/publicacion/124211
3,"FSE 4998,SE ARRIENDA APARTAMENTO EN EL BARRIO EL PORVENIR, TERCER PISO ,CONSTA DE: 3 HABITACIONES, HABITACION PRINCIPAL CON BAÑO PRIVADO INDEPENDIENTE, BAÑO SOCIAL, COCINA, SALA, PATIO DE ROPAS, GAS DOMICILIARIO, PARQUEADERO PARA MOTO,VALOR $670.000 DESCUENTO POR PRONTO PAGO ,MAYOR INFORMACION 3117668547 ",https://amorelpasto.com/clasificados/web/app.php/categorias/SE%20ARRIENDA%20APARTAMENTO%20EN%20EL%20BARRIO%20EL%20PORVENIR/publicacion/124215
3,,https://amorelpasto.com/clasificados/web/app.php/categorias/SE%20RENTA%20APARTAESTUDIO%20A%20UNA%20CUADRA%20DE%20ALKOSTO%20CENTRO/publicacion/124200
3,"FSE 4971-1,ARRIENDO APARTAMENTO UBICADO EN LA MANZANA J CASA 11 BARRIO
GRANADA 4 ETAPA ENTRADA INDEPENDIENTE, CONSTA DE: 3 ALCOBAS, SALA, COMEDOR, COCINA, 1 BAÑO, PATIO,$500.000 DEPOSITO, $600.000 ARRIENDO,INF. 3173599108",https://amorelpasto.com/clasificados/web/app.php/categorias/ARRIENDO%20APARTAMENTO%20UBICADO%20BARRIO%20GRANADA%204%20ETAPA/publicacion/124186
3,"FSE 4995,SE ARRIENDA APARTAMENTO, EDIFICIO DIYIRIDU CALLE 19 NO 15
26 BARRIO JAVERIANO,CONSTA DE: 3 HABITACIONES, 2 BAÑOS, SALA COMEDOR, COCINA
SEMI INTEGRAL Y PATIO DE ROPAS,SE ARRIENDA A TRAVES DE INMOBILIARIA,INFORMACIÓN WHATSAPP 3166245462.",https://amorelpasto.com/clasificados/web/app.php/categorias/SE%20ARRIENDA%20APARTAMENTO%20EDIFICIO%20DIYIRIDU%20BARRIO%20JAVERIANO/publicacion/124212
3,"FSE 4973,ARRIENDO 2 APARTAMENTOS ,1. BARRIO LAS AMERICAS,CONSTA DE: SALA - COMEDOR, COCINA, 2 HABITACIONES, BAÑO Y PATIO DE ROPAS ,EN 2DO PISO (MADERA),2. BARRIO CAICEDO ,CONSTA DE: 2 HABITACIONES, SALA, COCINA, 1 BAÑO, PATIO DE ROPAS,EN 1 PRIMER PISO ,INF. 3104550501 ",https://amorelpasto.com/clasificados/web/app.php/categorias/ARRIENDO%202%20APARTAMENTOS%20/publicacion/124188
3,,https://amorelpasto.com/clasificados/web/app.php/categorias/SE%20ARRIENDA%20APARTAMENTOS%20Y%20PIEZAS%20EDIFICIO%20MEDINA%20GUERRERO/publicacion/124243
3,"FSE 5032,SE ARRIENDAN APARTAMENTOS,1. APARTAESTUDIO CONDOMINIO AGUALONGO $620.000,2. APARTAMENTO NUEVO HORIZONTE $630.000,INF. 3013176161",https://amorelpasto.com/clasificados/web/app.php/categorias/SE%20ARRIENDAN%20APARTAESTUDIO%20CONDOMINIO%20AGUALONGO%20Y%20APARTAMENTO%20NUEVO%20HORIZONTE%20/publicacion/124259
3,"FSE 5012,BARRIO CAICEDONIA (SUR - ORIENTAL) SE ARRIENDA APARTAMENTO 2DO PISO ,CONSTA DE: SALA, COMEDOR, COCINA, BAÑO, 2 ALCOBAS, PATIO DE ROPAS,REQUISITOS: CONSTANCIA LABORAL (3 PERSONAS MAXIMO),VALOR $620.000 INCLUYE AGUA Y ASEO ,INF. 3173060109",https://amorelpasto.com/clasificados/web/app.php/categorias/BARRIO%20CAICEDONIA%20(SUR%20-%20ORIENTAL)%20SE%20ARRIENDA%20APARTAMENTO%20/publicacion/124232
3,"FSE 5015,SE ARRIENDA APARTAMENTO EN GUALCALOMA ,CONSTA DE: SALA, COMEDOR, COCINA, 2 HABITACIONES, ZONA DE LAVANDERIA EN TERRAZA,ESPACIO PARA 1 MOTO Y ES EN EL TERCER PISO ,NO MASCOTAS ,INF. 3186734291 - 3043913938 ",https://amorelpasto.com/clasificados/web/app.php/categorias/SE%20ARRIENDA%20APARTAMENTO%20EN%20GUALCALOMA%20/publicacion/124239
3,,https://amorelpasto.com/clasificados/web/app.php/categorias/SE%20ARRENDA%20APARTAESTUDIOS%20EN%20OBONUCO%20Y%20SAN%20IGNACIO/publicacion/124230
3,"FSE 5026,SE ARRIENDA APARTAMENTO EN UN PRIMER PISO ,CONSTA DE: SALA COMEDOR, COCINA, 2 HABITACIONES, PATIO DE ROPAS PEQUEÑO, 2 BAÑOS ,EXCELENTE UBICACION BARRIO EL RECUERDO - PARQUE BOLIVAR ,CANON DE ARRENDAMIENTO $700.000,INF. 3233237498",https://amorelpasto.com/clasificados/web/app.php/categorias/SE%20ARRIENDA%20APARTAMENTO%20EN%20UN%20PRIMER%20PISO%20/publicacion/124253
3,"FSE 5046,SE ARRIENDA APARTAMENTO UBICADO EN CONJUNTO CERRADO VILLAVERGEL PANAMERICANA - UNIVERSIDAD DE NARIÑO ,CONSTA DE: SALA, COMEDOR, COCINA, 3 HABITACIONES, 2 BAÑOS, 1 HABITACION AUXILIAR, ESPACIO PARA ROPAS Y PARQUEADERO ,PISO 4 SIN ASCENSOR ,INFORMES TEL. 3183838801",https://amorelpasto.com/clasificados/web/app.php/categorias/SE%20ARRIENDA%20APARTAMENTO%20UBICADO%20EN%20CONJUNTO%20CERRADO%20VILLAVERGEL%20PANAMERICANA/publicacion/124275
3,"FSE 5047,SE ARRIENDA APARTAMENTO AV LAS AMERICAS,DE 3 HABITACIONES ,INF. 3156713315",https://amorelpasto.com/clasificados/web/app.php/categorias/SE%20ARRIENDA%20APARTAMENTO%20AV%20LAS%20AMERICAS/publicacion/124276
3,"FSE 5097,SE ARRIENDA APARTAMENTOS BARRIO SAN DIEGO NORTE ,CADA UNO CONSTA DE: 2 ALCOBAS, SALA, COCINA, BAÑO Y ZONA DE LAVADO Y SECADO DE ROPA ,BIEN CLAROS, SECOS Y EN CERAMICA ,LLAMAR 3053947082 - 3107967225",https://amorelpasto.com/clasificados/web/app.php/categorias/SE%20ARRIENDA%20APARTAMENTOS%20BARRIO%20SAN%20DIEGO%20NORTE%20/publicacion/124328
3,"FSE 5076,SE ARRIENDA ACOGEDOR APARTAESTUDIO SEMI AMOBLADO BARRIO FATIMA ,CONSTA DE: SALA, COMEDOR, COCINA, BAÑO, HABITACION AMPLIA Y UNA PEQUEÑA TERRAZA ,VALOR $600.000 INCLUYE SERVICIOS ,INF. 3006860641",https://amorelpasto.com/clasificados/web/app.php/categorias/SE%20ARRIENDA%20ACOGEDOR%20APARTAESTUDIO%20SEMI%20AMOBLADO%20BARRIO%20FATIMA%20/publicacion/124306
3,"FSE 5092,SE ARRIENDA APARTAMENTOS UBICADOS EN LA CRA 2 CALLE 24A-36  BARRIO LA CAROLINA,VIA PRINCIPAL, CERCA AL UNICO Y ALKOSTO,TERCER PISO CONSTA DE: 6 HABITACIONES CON BAÑO PRIVADO Y UN BAÑO SOCIAL, COCINA, SALA, PATIO DE ROPAS Y GARAJE PARA CARRO O MOTO,CUARTO PISO CONSTA DE: 3 HABITACIONES, LA PRINCIPAL CON BAÑO PRIVADO, SALA COMEDOR, TERRAZA, GARAJE PARA MOTO O CARRO ,INF. 3137319489",https://amorelpasto.com/clasificados/web/app.php/categorias/SE%20ARRIENDA%20APARTAMENTOS%20UBICADOS%20BARRIO%20LA%20CAROLINA/publicacion/124323
3,"FSE 5074,SE ARRIENDA APARTAESTUDIO PEQUEÑO PARA PERSONA SOLA ,CALLE 22A #24-146 BARRIO 2 PUENTES - PASTO ,INF. 3172522293 - 3155841576",https://amorelpasto.com/clasificados/web/app.php/categorias/SE%20ARRIENDA%20APARTAESTUDIO%20PEQUE%C3%91O%20PARA%20PERSONA%20SOLA%20/publicacion/124304
2,"FSE 5067,SE ARRIENDA APARTAMENTO PEQUEÑO, BARRIO ESMERALDA,INF. 3122584161",https://amorelpasto.com/clasificados/web/app.php/categorias/SE%20ARRIENDA%20APARTAMENTO%20PEQUE%C3%91O%20BARRIO%20ESMERALDA/publicacion/124296
2,"FSE 5112,SE ARRIENDA APARTAESTUDIO UBICADO EN EL EDIFICIO BACCOLINI CENTRO,CONSTA DE: UNA HABITACION CON CLOSET, BAÑO SOCIAL, COCINA INTEGRAL Y PATIO INDEPENDIENTE ,VALOR $750.000 INCLUYE ADMINISTRACION ,INF. 3177759066",https://amorelpasto.com/clasificados/web/app.php/categorias/SE%20ARRIENDA%20APARTAESTUDIO%20UBICADO%20EN%20EL%20EDIFICIO%20BACCOLINI%20CENTRO/publicacion/124344
2,"FSE 5126,SE ARRIENDA APARTAESTUDIOS, INCLUYE WIFI, AGUA CALIENTE, TV CABLE Y ENERGIA, CERCA AL COLISEO SERGIO ANTONIO RUANO JULIAN BUCHELY ,SE ATIENDE DE 8 A 12 Y 2 A 6PM DE LUNES A VIERNES, SABADO MEDIO DIA ,INF. 3155210849 - 3117329459",https://amorelpasto.com/clasificados/web/app.php/categorias/SE%20ARRIENDA%20APARTAESTUDIOS%20CERCA%20AL%20COLISEO%20SERGIO%20ANTONIO%20RUANO/publicacion/124358
2,"FSE 5129,SE ARRIENDA APARTAMENTO PEQUEÑO, CONSTA DE: 2 PIEZAS, COCINA, BAÑO Y ZONA DE LAVADERIA, BARRIO PANORAMICO 2 ETAPA ,NOTA: PARA 2 PERSONAS, NO MASCOTAS ,INF. 3164088024",https://amorelpasto.com/clasificados/web/app.php/categorias/SE%20ARRIENDA%20APARTAMENTO%20PEQUE%C3%91O%20BARRIO%20PANORAMICO/publicacion/124361
2,"FSE 5103,SE ARRIENDA APARTAMENTO, CONSTA DE: 2 ALCOBAS, BAÑO, SALA COMEDOR, COCINA, PATIO DE ROPAS, VALOR $700.000,INCLUIDOS SERVICIOS DE AGUA - LUZ, INTERNET Y TV CABLE OPCIONAL, UBICADO EN LA CALLE 2 #21-12 BARRIO LOS BALCONES, FRENTE AL BACHIE AVENIDA PANAMERICANA A DOS CUADRAS DEL EXITO ,INF. 3244898752 - 3042007152",https://amorelpasto.com/clasificados/web/app.php/categorias/SE%20ARRIENDA%20APARTAMENTO%20BARRIO%20LOS%20BALCONES%20/publicacion/124334
2,"FSE 5152,ARRIENDO BONITO Y COMODO APARTAMENTO UBICADO EN EL BARRIO LA VEGA,EL APARTAMENTO CONSTA DE: GARAJE, SALA COMEDOR, 3 AMPLIAS HABITACIONES, COCINA Y LAVADERO ,MAYOR INFORMACION AL TELEFONO 3108450062",https://amorelpasto.com/clasificados/web/app.php/categorias/ARRIENDO%20BONITO%20Y%20COMODO%20APARTAMENTO%20UBICADO%20EN%20EL%20BARRIO%20LA%20VEGA/publicacion/124385
2,"FSE 5137,ARRIENDO APARTAESTUDIO, CONSTA DE: ALCOBA, BAÑO, COCINA, ZONA DE LAVADO, CERCA A UNICENTRO,INF. 3013718592 - 3014060838",https://amorelpasto.com/clasificados/web/app.php/categorias/ARRIENDO%20APARTAESTUDIO%20CERCA%20A%20UNICENTRO/publicacion/124369
2,"FSE 5153,SE ARRIENDA APARTAMENTO PARA PERSONA SOLA O MAXIMO 2, BARRIO VILLAFLOR I,CONSTA DE: 1 HABITACION, SALA, BAÑO, COCINA, PATIO DE ROPAS,ENTRADA Y SERVICIOS PUBLICOS INDEPENDIENTES ,VALOR $600.000 MENSUALES Y DEPOSITO DE $500.000,MAYOR INFORMACION TELEFONO Y WHATSAPP 3225828347,DIRECCION CRA 6E 21D-42 VILLAFLOR I",https://amorelpasto.com/clasificados/web/app.php/categorias/SE%20ARRIENDA%20APARTAMENTO%20BARRIO%20VILLAFLOR%20I/publicacion/124386
2,"FSE 5134,SE ARRIENDA APARTAESTUDIO CENTRAL,INFORMES 3187005099",https://amorelpasto.com/clasificados/web/app.php/categorias/SE%20ARRIENDA%20APARTAESTUDIO%20CENTRAL/publicacion/124366
2,"FSE 5144,SE ARRIENDA APARTAESTUDIO MUY AGRADABLE,CONSTA DE: COCINA CON ALACENA ESTUFA, ALCOBA CON CLOSET Y CAMA, BAÑO CON DUCHA DE AGUA CALIENTE, BIEN ORGANIZADO, AZOTEA CON CUBIERTA PARA LA ROPA, ZONA DE LAVANDERIA, PARA PERSONA SOLA QUE TRABAJE, VALOR $380.000,DIR. CRA 18 #10A-28 BARRIO ATAHUALPA ,INF. 3134149126",https://amorelpasto.com/clasificados/web/app.php/categorias/SE%20ARRIENDA%20APARTAESTUDIO%20MUY%20AGRADABLE%20BARRIO%20ATAHUALPA%20/publicacion/124376
2,"FSE 5154,SE ARRIENDA O ANTICRESA APARTAESTUDIO, AREA 35MT,CONSTA DE: SALA, ALCOBA, COCINA, BAÑO Y TERRAZA,5 PISO, CALLE 16A 32-30 MARIDIAZ,INF. 3217514477",https://amorelpasto.com/clasificados/web/app.php/categorias/SE%20ARRIENDA%20O%20ANTICRESA%20APARTAESTUDIO%20MARIDIAZ/publicacion/124387
2,,https://amorelpasto.com/clasificados/web/app.php/categorias/SE%20ARRIENDA%20APARTAMENTO%20EN%20EL%20BARRIO%20LA%20MINGA/publicacion/124434
2,"FSE 5180,SE ARRIENDA HERMOSO APARTAMENTO, CONSTA DE: 2 HABITACIONES, SALA COMEDOR, COCINA, ZONA DE LAVANDERIA, PISOS EN CERAMICA,VALOR $500.000,BARRIO SAN CARLOS CONDOMINIO INVIPAZ,INF. 3166835303",https://amorelpasto.com/clasificados/web/app.php/categorias/SE%20ARRIENDA%20HERMOSO%20APARTAMENTO%20BARRIO%20SAN%20CARLOS%20CONDOMINIO%20INVIPAZ/publicacion/124420
2,"FSE 5191,SE ARRIENDA APARTAMENTO,CONSTA DE: SALA COMEDOR, COCINA, 3 ALCOBAS CON CLOSET, 1 BAÑO Y PATIO DE ROPAS, PARQUEADERO COMUN, AGUALONGO II BLOQUES AMARILLOS, BLOQUE 4 APTO 103,INFORMES CEL. 3164692465 - 3153971545",https://amorelpasto.com/clasificados/web/app.php/categorias/SE%20ARRIENDA%20APARTAMENTO%20AGUALONGO%20II%20BLOQUES%20AMARILLOS/publicacion/124431
2,"FSE 5190,ARRIENDO APARTAMENTO PEQUEÑO, CONSTA DE: SALA PEQUEÑA, 1 ALCOBA, COCINA COMEDOR, BAÑO, PATIO, EN UN PRIMER PISO, BARRIO CORAZON DE JESUS,SIN MASCOTAS ,INF. 3159250352",https://amorelpasto.com/clasificados/web/app.php/categorias/ARRIENDO%20APARTAMENTO%20PEQUE%C3%91O%20BARRIO%20CORAZON%20DE%20JESUS/publicacion/124430
2,"FSE 5178,ARRIENDO APARTAMENTO, EN MIRADOR DE AQUINE ,INF. 3187892693",https://amorelpasto.com/clasificados/web/app.php/categorias/ARRIENDO%20APARTAMENTO%20EN%20MIRADOR%20DE%20AQUINE%20/publicacion/124418
2,"FSE 5185,SE ARRIENDA APARTAMENTO, CONSTA DE: 3 ALCOBAS CON CLOSET, 3 BAÑOS, SALA, COMEDOR, COCINA TOTALMENTE EQUIPADA, PATIO DE ROPAS CON COLGADORES, CUARTO DE BODEGA,AGUA, LUZ, GAS DOMICILIARIO INDEPENDIENTE, UBICACION: BARRIO CAPUSIGRA A UNA CUADRA DEL EXITO PANAMERICANA ,INFORMES CEL. 3007825488",https://amorelpasto.com/clasificados/web/app.php/categorias/SE%20ARRIENDA%20APARTAMENTO%20BARRIO%20CAPUSIGRA/publicacion/124425
2,,https://amorelpasto.com/clasificados/web/app.php/categorias/ARRIENDO%20ACOGEDOR%20APARTAESTUDIO%20AMOBLADO%20EN%20FATIMA%20/publicacion/124401
2,"FSE 5183,SE ARRIENDA APARTAMENTO GRANDE ,CONSTA DE: 5 ALCOBAS, 2 BAÑOS, COCINA - SALA, COMEDOR Y TERRAZA,INF. 3154790500",https://amorelpasto.com/clasificados/web/app.php/categorias/SE%20ARRIENDA%20APARTAMENTO%20GRANDE%20/publicacion/124423
1,"FSE 5240,ARRIENDO APARTAMENTO CONJUNTO RESIDENCIAL SOTAVENTO ,CONSTA DE: 3 ALCOBAS CON CLOSET, 2 BAÑOS, SALA - COMEDOR, COCINA INTEGRAL, GAS DOMICILIARIO, ZONA DE LAVANDERIA, PARQUEADERO COMUN Y VIGILANCIA PRIVADA ,INFORMACION 3165793682",https://amorelpasto.com/clasificados/web/app.php/categorias/ARRIENDO%20APARTAMENTO%20CONJUNTO%20RESIDENCIAL%20SOTAVENTO%20/publicacion/124482
1,"FSE 5253,SE ARRIENDA APARTAMENTO BARRIO TAMASAGRA MANZANA 22 CASA 23, VIA PRINCIPAL ,CONSTA DE: 2 ALCOBAS, SALA, COCINA - COCINA, PATIO DE ROPAS, PARQUEADERO CARRO PEQUEÑO ,VALOR $700.000,INF. 3017474475",https://amorelpasto.com/clasificados/web/app.php/categorias/SE%20ARRIENDA%20APARTAMENTO%20BARRIO%20TAMASAGRA%20/publicacion/124497
1,,https://amorelpasto.com/clasificados/web/app.php/categorias/ARRENDO%20APARTA-ESTUDIO%20CENTRAL%20(3ER%20PISO)/publicacion/124491
1,,https://amorelpasto.com/clasificados/web/app.php/categorias/SE%20ARRIENDA%20APARTAMENTO%20EDIFICIO%20HABITAR%20DE%20LA%20COLINA/publicacion/124529
1,"FSE 5308,SE ARRIENDA APARTAMENTO PARANA,CONSTA DE: 3 HABITACIONES, 2 BAÑOS, ZONA DE LAVANDERIA, PARQUEADERO ,INF. 3183217755 - 3154890084",https://amorelpasto.com/clasificados/web/app.php/categorias/SE%20ARRIENDA%20APARTAMENTO%20PARANA/publicacion/124555
1,"FSE 5297,SE ARRIENDA APARTAMENTO EN VILLAVERGEL CONJUNTO CERRADO, UBICADO SECTOR PANAMERICANA, UNIVERSIDAD NARIÑO VIPRI ,CONSTA DE: SALA, COMEDOR, COCINA, ESPACIO DE ROPAS, 3 HABITACIONES, 2 BAÑOS, HABITACION AUXILIAR CON BAÑO Y PARQUEADERO CUBIERTO ,PISO 4 SIN ASCENSOR ,INF. 3183838801",https://amorelpasto.com/clasificados/web/app.php/categorias/SE%20ARRIENDA%20APARTAMENTO%20EN%20VILLAVERGEL%20CONJUNTO%20CERRADO/publicacion/124544
1,,https://amorelpasto.com/clasificados/web/app.php/categorias/SE%20ARRIENDA%20APARTAMENTO%20BARRIO%20QUINTAS%20DE%20SAN%20PEDRO%20/publicacion/124528
1,"FSE 5288,SE ARRENDA APARTAESTUDIO EN El PORTAL DEL NORTE MZ 4 CASA 19
AL FRENTE DEL PORTAL DE ARANDA, A LADO DE VILLA NUEVA 2,CONSTA DE: BAÑO, COCINA (ALCANZA NEVERA Y COMEDOR PEQUEÑO), LAVADERO,
ALCOBA (ALCANZA CAMA DOBLE, DOS NOCHEROS Y ARMARIO), VALOR $360.000 INCLUIDO SERVICIOS,INFO 3137311013",https://amorelpasto.com/clasificados/web/app.php/categorias/SE%20ARRENDA%20APARTAESTUDIO%20EN%20El%20PORTAL%20DEL%20NORTE%20/publicacion/124535
1,"FSE 5272-1,SE ARRIENDA APARTAMENTO BARRIO ATAHUALPA ,CALLE 10B #18A25,INF. 3154490655 - 3164942970",https://amorelpasto.com/clasificados/web/app.php/categorias/SE%20ARRIENDA%20APARTAMENTO%20BARRIO%20ATAHUALPA%20/publicacion/124519
1,"FSE 5336,SE ARRIENDA COMO PARA ESTRENAR APARTAESTUDIO,CON TODOS LOS SERVICIOS ,SITUADO SECTOR MORASURCO CARRERA 43 No 22-08 EDIFICIO MILETO PRIMER PISO,VISTA PANORAMICA, NUEVO PARQUE ,INF. 3187824536 - 3177890109,FIJO 6027223329",https://amorelpasto.com/clasificados/web/app.php/categorias/SE%20ARRIENDA%20COMO%20PARA%20ESTRENAR%20APARTAESTUDIO/publicacion/124588
1,"FSE 5329,SE ARRIENDA APARTAMENTO BARRIO FÁTIMA,CONSTA DE: 3 ALCOBAS, HALL, COCINA, TERRAZA,TOTALMENTE INDEPENDIENTE,INFORMES 3206407021","https://amorelpasto.com/clasificados/web/app.php/categorias/SE%20ARRIENDA%20APARTAMENTO%20BARRIO%20F%C3%81TIMA,/publicacion/124581"
1,"FSE 5370,ARRIENDO APARTAESTUDIO BARRIO MORASURCO, CON GARAJE Y BODEGA,ALCOBA INDEPENDIENTE, SALA, COMEDOR COCINA INTEGRAL,VETRO 1,CALLE 21   # 41  51,VALOR $800.000,INF. 3166200446",https://amorelpasto.com/clasificados/web/app.php/categorias/ARRIENDO%20APARTAESTUDIO%20BARRIO%20MORASURCO/publicacion/124621
